{
  "regression": {
    "train": {
      "MAE": 0.03412912588730458,
      "MSE": 0.0018293535500959923,
      "RMSE": 0.042770942824492335,
      "R2": 0.9066287798960754
    },
    "validation": {
      "MAE": 0.042189829450148306,
      "MSE": 0.0028137669023579766,
      "RMSE": 0.053044951714163874,
      "R2": 0.8605994427769132
    },
    "test": {
      "MAE": 0.04227656499756636,
      "MSE": 0.0028158275172454794,
      "RMSE": 0.05306437144869879,
      "R2": 0.8520543048294363
    }
  },
  "classification": {
    "accuracy": 0.8624,
    "precision_weighted": 0.8609,
    "recall_weighted": 0.8624,
    "f1_weighted": 0.8603
  },
  "confusion_matrix": [
    [
      491,
      128,
      0
    ],
    [
      129,
      1749,
      33
    ],
    [
      0,
      91,
      147
    ]
  ],
  "risk_mapping": {
    "Low": "Burn Rate 0.00 - 0.39",
    "Medium": "Burn Rate 0.40 - 0.69",
    "High": "Burn Rate 0.70 - 1.00"
  }
}